,well_index,area,eccentricity,major_axis_length,chip,day,major_axis_length_um
0,0,,,,Chip_1,1,
1,1,1210.0,0.9297453831378188,74.23760069266166,Chip_1,1,118.78016110825865
2,2,,,,Chip_1,1,
3,3,1841.0,0.5982611890625009,55.21784210896183,Chip_1,1,88.34854737433893
4,4,1636.0,0.6130229782859175,51.733892707318326,Chip_1,1,82.77422833170932
5,5,1493.0,0.6866009210271189,51.25401207539022,Chip_1,1,82.00641932062436
6,6,1663.0,0.7472211756606353,59.5520667041694,Chip_1,1,95.28330672667104
7,7,1674.0,0.5342832564681074,50.5265178737392,Chip_1,1,80.84242859798273
8,8,,,,Chip_1,1,
9,9,,,,Chip_1,1,
10,10,2263.0,0.8336459115467902,74.57673109253655,Chip_1,1,119.32276974805848
11,11,,,,Chip_1,1,
12,12,,,,Chip_1,1,
13,13,2036.0,0.6437008178141875,58.98584581151609,Chip_1,1,94.37735329842576
14,14,,,,Chip_1,1,
15,15,,,,Chip_1,1,
16,16,,,,Chip_1,1,
17,17,,,,Chip_1,1,
18,18,1822.0,0.7142535819665363,57.682125294392,Chip_1,1,92.2914004710272
19,19,1720.0,0.6935893821819702,55.748183452604344,Chip_1,1,89.19709352416696
20,20,3994.0,0.944072030499718,161.55055823326282,Chip_1,1,258.4808931732205
21,21,1667.0,0.6466167477679953,56.91330114868388,Chip_1,1,91.06128183789421
22,22,1353.0,0.7670613406492527,52.124999673097115,Chip_1,1,83.39999947695539
23,23,,,,Chip_1,1,
24,24,,,,Chip_1,1,
25,25,,,,Chip_1,1,
26,26,,,,Chip_1,1,
27,27,,,,Chip_1,1,
28,28,1585.0,0.7366705949628499,57.739682397053315,Chip_1,1,92.38349183528531
29,29,,,,Chip_1,1,
30,30,1973.0,0.6645200993985855,58.161051161195786,Chip_1,1,93.05768185791327
31,31,,,,Chip_1,1,
32,32,1798.0,0.7233374933464294,58.964170508385365,Chip_1,1,94.34267281341658
33,33,1770.0,0.7492346693827593,58.592751115935755,Chip_1,1,93.74840178549721
34,34,,,,Chip_1,1,
35,35,,,,Chip_1,1,
36,36,1501.0,0.6545868729166272,50.947781713277024,Chip_1,1,81.51645074124325
37,37,,,,Chip_1,1,
38,38,1385.0,0.8073410159505391,55.02828964632729,Chip_1,1,88.04526343412367
39,39,,,,Chip_1,1,
40,40,1946.0,0.6110849299364755,56.132895518525075,Chip_1,1,89.81263282964012
41,41,,,,Chip_1,1,
42,42,,,,Chip_1,1,
43,43,1631.0,0.8585951994439077,67.79841620155722,Chip_1,1,108.47746592249155
44,44,,,,Chip_1,1,
45,45,,,,Chip_1,1,
46,46,,,,Chip_1,1,
0,0,,,,Chip_2,1,
1,1,,,,Chip_2,1,
2,2,2406.0,0.7521660081332648,69.62219482929989,Chip_2,1,111.39551172687982
3,3,,,,Chip_2,1,
4,4,1315.0,0.9365374524401262,75.1584770474531,Chip_2,1,120.25356327592498
5,5,,,,Chip_2,1,
6,6,,,,Chip_2,1,
7,7,1240.0,0.8128326756247498,85.27177371673903,Chip_2,1,136.43483794678247
8,8,,,,Chip_2,1,
9,9,1651.0,0.6241759110037306,52.032339456161644,Chip_2,1,83.25174312985864
10,10,,,,Chip_2,1,
11,11,4754.0,0.8147509462522518,131.9210471960781,Chip_2,1,211.07367551372496
12,12,,,,Chip_2,1,
13,13,3024.0,0.7386035380061569,217.42477650815812,Chip_2,1,347.87964241305303
14,14,2749.0,0.6568688795425605,81.42849955431406,Chip_2,1,130.2855992869025
15,15,,,,Chip_2,1,
16,16,,,,Chip_2,1,
17,17,,,,Chip_2,1,
18,18,1900.0,0.7575254000248147,64.06313331151243,Chip_2,1,102.50101329841989
19,19,1111.0,0.8300313354258948,51.20698616111205,Chip_2,1,81.93117785777929
20,20,1505.0,0.7147960319469838,52.53237589769363,Chip_2,1,84.05180143630982
21,21,1474.0,0.7304067673292477,54.046480216268385,Chip_2,1,86.47436834602942
22,22,1500.0,0.6600096353363456,50.59114926364745,Chip_2,1,80.94583882183593
23,23,,,,Chip_2,1,
24,24,2037.0,0.8366025927712823,70.35677330338852,Chip_2,1,112.57083728542165
25,25,1780.0,0.5620492982332789,53.74360839906209,Chip_2,1,85.98977343849936
26,26,4314.0,0.9368637506906032,138.02609157176144,Chip_2,1,220.8417465148183
27,27,,,,Chip_2,1,
28,28,,,,Chip_2,1,
29,29,,,,Chip_2,1,
30,30,1454.0,0.7327200417828023,53.06430715436653,Chip_2,1,84.90289144698646
31,31,1986.0,0.7469564130970432,62.42674786414546,Chip_2,1,99.88279658263275
32,32,1839.0,0.5861295923659082,55.25881934816567,Chip_2,1,88.41411095706508
33,33,8476.0,0.8971937483043154,627.460781705164,Chip_2,1,1003.9372507282624
34,34,2445.0,0.7147177083606342,67.4473259328439,Chip_2,1,107.91572149255023
35,35,,,,Chip_2,1,
36,36,,,,Chip_2,1,
37,37,4151.0,0.8473658925042152,446.9268409550376,Chip_2,1,715.0829455280602
38,38,,,,Chip_2,1,
39,39,1583.0,0.6943379794779497,53.80225154730874,Chip_2,1,86.083602475694
40,40,1755.0,0.5889370613359436,55.466178501062345,Chip_2,1,88.74588560169975
41,41,,,,Chip_2,1,
0,0,1810.0,0.7262814636818944,58.08605542084485,Chip_3,1,92.93768867335177
1,1,,,,Chip_3,1,
2,2,,,,Chip_3,1,
3,3,,,,Chip_3,1,
4,4,,,,Chip_3,1,
5,5,1824.0,0.8913522042379346,80.93020618563885,Chip_3,1,129.48832989702217
6,6,,,,Chip_3,1,
7,7,,,,Chip_3,1,
8,8,1815.0,0.6108261451063675,54.20129387239172,Chip_3,1,86.72207019582676
9,9,,,,Chip_3,1,
10,10,1977.0,0.8597584392914114,72.73955874483104,Chip_3,1,116.38329399172967
11,11,1764.0,0.9433517984550096,118.26706303812608,Chip_3,1,189.22730086100174
12,12,,,,Chip_3,1,
13,13,1400.0,0.887129990846761,66.91686204597146,Chip_3,1,107.06697927355434
14,14,,,,Chip_3,1,
15,15,,,,Chip_3,1,
16,16,1906.0,0.6497506544934624,56.73962678352313,Chip_3,1,90.78340285363701
17,17,1886.0,0.8255345844615241,73.06975224291548,Chip_3,1,116.91160358866478
18,18,1460.0,0.929110029333055,76.6670981759296,Chip_3,1,122.66735708148735
19,19,1939.0,0.6346502194415735,56.78147955463906,Chip_3,1,90.8503672874225
20,20,,,,Chip_3,1,
21,21,1804.0,0.7665228332987487,60.18089389037841,Chip_3,1,96.28943022460545
22,22,1936.0,0.4857736331005302,54.1225846180546,Chip_3,1,86.59613538888738
23,23,1877.0,0.9177786423368992,84.33321259927318,Chip_3,1,134.9331401588371
24,24,2171.0,0.923306606067126,99.15318910425331,Chip_3,1,158.64510256680532
25,25,,,,Chip_3,1,
26,26,37758.0,0.6072860048390575,283.75494389533,Chip_3,1,454.007910232528
27,27,,,,Chip_3,1,
28,28,2163.0,0.607626228566633,60.08950782180087,Chip_3,1,96.1432125148814
29,29,,,,Chip_3,1,
30,30,,,,Chip_3,1,
31,31,1987.0,0.7664814889824305,63.702904181384675,Chip_3,1,101.92464669021548
32,32,796.0,0.9186066940968199,74.87907087836781,Chip_3,1,119.8065134053885
33,33,,,,Chip_3,1,
34,34,2258.0,0.7619192693313752,69.11568559682324,Chip_3,1,110.58509695491719
35,35,,,,Chip_3,1,
36,36,,,,Chip_3,1,
37,37,,,,Chip_3,1,
38,38,730.0,0.9457437471850918,61.69650360819328,Chip_3,1,98.71440577310926
39,39,1271.0,0.7742832739758748,51.2301092676877,Chip_3,1,81.96817482830033
0,0,1307.0,0.8658883576953077,58.598381427265885,Chip_4,1,93.75741028362542
1,1,,,,Chip_4,1,
2,2,,,,Chip_4,1,
3,3,,,,Chip_4,1,
4,4,1607.0,0.5365202640808131,50.24336492684681,Chip_4,1,80.3893838829549
5,5,3154.0,0.8822065713624652,93.46716650436436,Chip_4,1,149.54746640698298
6,6,2534.0,0.77412288434742,77.70397348780868,Chip_4,1,124.32635758049389
7,7,,,,Chip_4,1,
8,8,1616.0,0.7076768810668337,54.15686685744807,Chip_4,1,86.65098697191692
9,9,1211.0,0.8436303932798924,54.52421798502118,Chip_4,1,87.2387487760339
10,10,2122.0,0.7085715171409173,62.40708210670875,Chip_4,1,99.851331370734
11,11,,,,Chip_4,1,
12,12,1720.0,0.8362345005760785,65.21763058821706,Chip_4,1,104.3482089411473
13,13,,,,Chip_4,1,
14,14,,,,Chip_4,1,
15,15,,,,Chip_4,1,
16,16,,,,Chip_4,1,
17,17,2595.0,0.8974588574044924,87.63242520921116,Chip_4,1,140.21188033473786
18,18,1898.0,0.7178614550884045,59.383643795763334,Chip_4,1,95.01383007322134
19,19,2978.0,0.8091479612466446,88.68687053041857,Chip_4,1,141.89899284866974
20,20,2594.0,0.5156594719843605,64.29753471828226,Chip_4,1,102.87605554925163
21,21,1907.0,0.7277179309580339,82.23971865694762,Chip_4,1,131.5835498511162
22,22,3674.0,0.9273759513200288,137.9546680020862,Chip_4,1,220.72746880333796
23,23,2122.0,0.8880897490175275,81.27510911361175,Chip_4,1,130.0401745817788
24,24,1968.0,0.8600548225687009,72.32652116435183,Chip_4,1,115.72243386296293
25,25,,,,Chip_4,1,
26,26,1757.0,0.6196512575436842,53.941254187253705,Chip_4,1,86.30600669960593
27,27,,,,Chip_4,1,
28,28,2963.0,0.8718168974359783,103.50280089043112,Chip_4,1,165.6044814246898
29,29,,,,Chip_4,1,
30,30,1441.0,0.7059915444584068,51.47955168458044,Chip_4,1,82.36728269532871
31,31,56342.0,0.7342438993988549,378.3087097815024,Chip_4,1,605.2939356504038
32,32,3709.0,0.9019172806929524,139.86066841268072,Chip_4,1,223.77706946028917
33,33,,,,Chip_4,1,
34,34,,,,Chip_4,1,
35,35,2078.0,0.8389724640600988,72.93052581324491,Chip_4,1,116.68884130119187
36,36,,,,Chip_4,1,
37,37,,,,Chip_4,1,
38,38,,,,Chip_4,1,
39,39,3501.0,0.7154639760084771,93.14728674330117,Chip_4,1,149.03565878928188
40,40,2130.0,0.8032401356593515,68.67262969163134,Chip_4,1,109.87620750661016
41,41,,,,Chip_4,1,
42,42,1969.0,0.4629198703474472,53.48779201704478,Chip_4,1,85.58046722727165
43,43,1827.0,0.780330012457754,61.594178521120575,Chip_4,1,98.55068563379292
44,44,,,,Chip_4,1,
45,45,1224.0,0.942102310620794,74.40919722499879,Chip_4,1,119.05471555999807
46,46,,,,Chip_4,1,
47,47,,,,Chip_4,1,
48,48,1753.0,0.6041407312483537,54.300356905385186,Chip_4,1,86.8805710486163
49,49,5356.0,0.8959226172291499,135.54755269677472,Chip_4,1,216.87608431483955
50,50,1666.0,0.7737301434137959,59.20796853990387,Chip_4,1,94.73274966384619
51,51,,,,Chip_4,1,
52,52,,,,Chip_4,1,
0,0,,,,Chip_1,4,
1,1,5951.0,0.4720452909086301,93.03820034359345,Chip_1,4,148.86112054974953
2,2,4043.0,0.6538325927680497,82.89040657281983,Chip_1,4,132.62465051651174
3,3,10374.0,0.4898491136079443,123.51462623551448,Chip_1,4,197.62340197682317
4,4,7980.0,0.31439848723294034,103.59922299478113,Chip_1,4,165.75875679164983
5,5,6507.0,0.7622134275356527,113.87993699502847,Chip_1,4,182.20789919204557
6,6,6846.0,0.7815503705847299,118.96734459882265,Chip_1,4,190.34775135811626
7,7,11858.0,0.362950431626044,127.35160827481056,Chip_1,4,203.7625732396969
8,8,8096.0,0.8556927153698543,142.6813369915876,Chip_1,4,228.2901391865402
9,9,1316.0,0.9363625597922288,74.30669994834777,Chip_1,4,118.89071991735644
10,10,21818.0,0.8106880492514619,252.16534737804886,Chip_1,4,403.4645558048782
11,11,8515.0,0.6741154688606016,121.71315615059878,Chip_1,4,194.74104984095806
12,12,7363.0,0.7735805018792778,125.22502720929485,Chip_1,4,200.36004353487178
13,13,6738.0,0.7208766171905877,111.82252284413151,Chip_1,4,178.91603655061044
14,14,2177.0,0.4487555331867119,55.815249414781675,Chip_1,4,89.30439906365069
15,15,6939.0,0.4622903160647826,99.96625328037716,Chip_1,4,159.94600524860346
16,16,10042.0,0.8526139285676573,164.51922102845242,Chip_1,4,263.23075364552386
17,17,10647.0,0.4050786672899933,124.54515621244215,Chip_1,4,199.27224993990745
18,18,12056.0,0.5536894518742729,136.1853344950751,Chip_1,4,217.89653519212015
19,19,11072.0,0.6226650057310017,134.96287156533865,Chip_1,4,215.94059450454185
20,20,7159.0,0.8176962414957627,138.13307193966662,Chip_1,4,221.0129151034666
21,21,9775.0,0.6447582947503042,128.13663419642705,Chip_1,4,205.0186147142833
22,22,9049.0,0.8209386623544063,144.0427867713603,Chip_1,4,230.46845883417652
23,23,9059.0,0.499014531958994,115.83048143019514,Chip_1,4,185.32877028831223
24,24,5062.0,0.8005911751691472,105.09157279206016,Chip_1,4,168.14651646729627
25,25,9325.0,0.3616096847479098,113.0815301786528,Chip_1,4,180.93044828584448
26,26,6658.0,0.7243541694807419,111.14904130111424,Chip_1,4,177.8384660817828
27,27,3603.0,0.8262570679972121,93.39835241377381,Chip_1,4,149.4373638620381
28,28,5694.0,0.2626514377675504,86.76723361031132,Chip_1,4,138.82757377649813
29,29,3061.0,0.7138275453666135,76.33828987213255,Chip_1,4,122.14126379541209
30,30,8000.0,0.6602819195236435,116.76597659623384,Chip_1,4,186.82556255397415
31,31,4159.0,0.17137042344527212,73.56134277685052,Chip_1,4,117.69814844296084
32,32,6222.0,0.4324781579944451,94.56689395743408,Chip_1,4,151.30703033189454
33,33,9469.0,0.6195267037744407,124.36245164364351,Chip_1,4,198.97992262982962
34,34,4482.0,0.6592275605461038,87.3754484703993,Chip_1,4,139.8007175526389
35,35,,,,Chip_1,4,
36,36,8505.0,0.8139797026412876,138.43799826555608,Chip_1,4,221.50079722488974
37,37,2150.0,0.5134767616899797,57.66312218682971,Chip_1,4,92.26099549892754
38,38,6012.0,0.3484352225660477,90.83141925199189,Chip_1,4,145.33027080318703
39,39,4346.0,0.3710016516084832,77.37565397203574,Chip_1,4,123.80104635525718
40,40,4870.0,0.4082817422520517,82.63607796581061,Chip_1,4,132.21772474529698
41,41,4451.0,0.8106951220564481,99.89974420146477,Chip_1,4,159.83959072234364
42,42,37966.0,0.5355634708428009,244.6635924541782,Chip_1,4,391.4617479266851
43,43,3010.0,0.4318143245523508,145.66509637561143,Chip_1,4,233.0641542009783
44,44,5160.0,0.3443486743069408,83.77971947040095,Chip_1,4,134.04755115264152
45,45,12144.0,0.6436796222529008,147.80404517689797,Chip_1,4,236.48647228303676
46,46,,,,Chip_1,4,
0,0,8464.0,0.4561580791177248,110.6566458485974,Chip_2,4,177.05063335775586
1,1,3205.0,0.3857540357722304,67.1595790388631,Chip_2,4,107.45532646218096
2,2,97005.0,0.3488187378286686,364.6126366775261,Chip_2,4,583.3802186840418
3,3,4339.0,0.6194143587255387,85.54955893301971,Chip_2,4,136.87929429283153
4,4,1969.0,0.2397689906683609,51.20202826923975,Chip_2,4,81.9232452307836
5,5,,,,Chip_2,4,
6,6,72048.0,0.37464562736035256,315.10187571839265,Chip_2,4,504.1630011494283
7,7,4543.0,0.6923664786340448,89.78891605828743,Chip_2,4,143.66226569325988
8,8,6792.0,0.7101096513139549,111.42756738329805,Chip_2,4,178.2841078132769
9,9,7828.0,0.4071385114963208,105.24513200266064,Chip_2,4,168.39221120425702
10,10,9171.0,0.7287482849227845,132.1786759693657,Chip_2,4,211.48588155098514
11,11,10624.0,0.7417466202184634,149.79313281454338,Chip_2,4,239.6690125032694
12,12,117564.0,0.4699534483835599,413.7604651545207,Chip_2,4,662.0167442472332
13,13,5038.0,0.4552335608091347,85.18845987700172,Chip_2,4,136.30153580320277
14,14,2506.0,0.7979940160546751,77.16121513714775,Chip_2,4,123.4579442194364
15,15,6363.0,0.7027357370637037,108.33328724466885,Chip_2,4,173.33325959147018
16,16,4446.0,0.7232798702504735,91.41826245412962,Chip_2,4,146.2692199266074
17,17,4494.0,0.7618365894944255,105.97637575191004,Chip_2,4,169.56220120305608
18,18,2423.0,0.7658160188149875,69.50217023761,Chip_2,4,111.20347238017601
19,19,1743.0,0.4480430734941945,50.35166301021982,Chip_2,4,80.56266081635172
20,20,10492.0,0.7916261156132158,149.8520301146774,Chip_2,4,239.76324818348385
21,21,6377.0,0.6502957881747227,103.9190745428083,Chip_2,4,166.2705192684933
22,22,8284.0,0.7072636619137335,123.27133881098896,Chip_2,4,197.23414209758235
23,23,6046.0,0.3736032877496076,91.3689164258813,Chip_2,4,146.1902662814101
24,24,7202.0,0.5850192375669151,107.06406608206603,Chip_2,4,171.30250573130567
25,25,6502.0,0.7431483367113858,112.34972967005608,Chip_2,4,179.75956747208974
26,26,6107.0,0.8783115579620093,140.02198754311982,Chip_2,4,224.03518006899174
27,27,,,,Chip_2,4,
28,28,1089.0,0.7663728865929693,54.30200548971978,Chip_2,4,86.88320878355165
29,29,1344.0,0.6151483926829606,64.85031768269354,Chip_2,4,103.76050829230968
30,30,7743.0,0.5983002192618597,111.0933674964177,Chip_2,4,177.74938799426832
31,31,12112.0,0.4689295490139545,132.48402021436866,Chip_2,4,211.97443234298987
32,32,6608.0,0.6673071370594054,106.75864584293929,Chip_2,4,170.81383334870287
33,33,9616.0,0.4391819346255868,117.32587505629836,Chip_2,4,187.7214000900774
34,34,55542.0,0.9168017009765632,487.61867721908857,Chip_2,4,780.1898835505417
35,35,4219.0,0.5138174588778516,79.64287654424318,Chip_2,4,127.42860247078909
36,36,6596.0,0.3927139499586551,95.68782236675452,Chip_2,4,153.10051578680722
37,37,9152.0,0.4478362931214124,114.49302609418726,Chip_2,4,183.18884175069962
38,38,3668.0,0.5027991158277578,73.97193821993498,Chip_2,4,118.35510115189598
39,39,3719.0,0.6074922550139541,77.64850990541343,Chip_2,4,124.2376158486615
40,40,6280.0,0.5320193901777771,97.57517181025005,Chip_2,4,156.1202748964001
41,41,5137.0,0.7426787442353866,100.20922608980227,Chip_2,4,160.33476174368366
0,0,7074.0,0.912565127220582,164.23080600957041,Chip_3,4,262.7692896153127
1,1,3224.0,0.7015540042881716,76.25603244758302,Chip_3,4,122.00965191613284
2,2,1419.0,0.8767448204298549,69.28927043718829,Chip_3,4,110.86283269950127
3,3,57635.0,0.3460796443186603,282.5155066786752,Chip_3,4,452.0248106858803
4,4,5673.0,0.5421337233428908,93.00024995931804,Chip_3,4,148.80039993490888
5,5,197437.0,0.3213396482518839,516.9817214442487,Chip_3,4,827.170754310798
6,6,228616.0,0.3897745799803676,563.01467136799,Chip_3,4,900.8234741887841
7,7,1912.0,0.38171322116116413,51.756155782905644,Chip_3,4,82.80984925264903
8,8,6442.0,0.4574638208084004,114.63354925610344,Chip_3,4,183.4136788097655
9,9,79768.0,0.7668124858631528,470.8448059492047,Chip_3,4,753.3516895187277
10,10,,,,Chip_3,4,
11,11,83663.0,0.4436653420710404,348.31658794902484,Chip_3,4,557.3065407184398
12,12,9482.0,0.7241834093151307,133.06338284851842,Chip_3,4,212.90141255762947
13,13,10292.0,0.6197332317867433,131.72477328533978,Chip_3,4,210.75963725654367
14,14,7955.0,0.5938486913842966,125.62578372184359,Chip_3,4,201.00125395494976
15,15,5584.0,0.6023301250180735,94.79463179226204,Chip_3,4,151.67141086761927
16,16,16774.0,0.8886399527927605,235.98681126211903,Chip_3,4,377.57889801939046
17,17,7395.0,0.6633194731809957,115.14792291652364,Chip_3,4,184.23667666643783
18,18,6217.0,0.5493459741394872,97.61874907783738,Chip_3,4,156.18999852453982
19,19,13974.0,0.7820128386573615,206.16668244281436,Chip_3,4,329.866691908503
20,20,3118.0,0.9478247743369356,129.32670913738818,Chip_3,4,206.92273461982109
21,21,11204.0,0.8032604518319155,155.49214979611833,Chip_3,4,248.78743967378932
22,22,795.0,0.9409451229200942,55.109607030673075,Chip_3,4,88.17537124907693
23,23,9310.0,0.4119894480385303,116.47018321710242,Chip_3,4,186.35229314736387
24,24,7197.0,0.486482461647865,103.11027903643404,Chip_3,4,164.97644645829448
25,25,,,,Chip_3,4,
26,26,7731.0,0.6519211985966717,120.36531608665878,Chip_3,4,192.58450573865406
27,27,6046.0,0.5835707849306073,98.02918488822633,Chip_3,4,156.84669582116214
28,28,13732.0,0.70696417868837,159.6561839371308,Chip_3,4,255.4498942994093
29,29,39319.0,0.4246829781258368,238.09506585369462,Chip_3,4,380.9521053659114
30,30,44231.0,0.6063791451537791,271.39613743830614,Chip_3,4,434.23381990128985
31,31,8713.0,0.7507533727041323,130.27439231594494,Chip_3,4,208.4390277055119
32,32,10018.0,0.5254521510161639,122.53470639176712,Chip_3,4,196.0555302268274
33,33,532.0,0.9416789301521136,60.97752283743856,Chip_3,4,97.5640365399017
34,34,,,,Chip_3,4,
35,35,58994.0,0.4628588839507114,296.0335756813304,Chip_3,4,473.6537210901286
36,36,2027.0,0.9344868868501404,100.36131772537732,Chip_3,4,160.57810836060372
37,37,66549.0,0.4733277799301018,312.4578315560423,Chip_3,4,499.9325304896677
38,38,8361.0,0.5622151545695787,113.56185606132543,Chip_3,4,181.6989696981207
39,39,4896.0,0.6661397631921991,91.74562666915251,Chip_3,4,146.79300267064403
0,0,17629.0,0.902371267776025,255.37013878145527,Chip_4,4,408.5922220503285
1,1,54028.0,0.7612314777500689,330.4468166210157,Chip_4,4,528.7149065936252
2,2,43869.0,0.8364946786889352,331.05183921717105,Chip_4,4,529.6829427474737
3,3,160079.0,0.4388188507424779,531.3559583741571,Chip_4,4,850.1695333986514
4,4,5648.0,0.6233412213981521,96.291852011532,Chip_4,4,154.0669632184512
5,5,6848.0,0.25763409878855664,95.22807364983288,Chip_4,4,152.3649178397326
6,6,9377.0,0.5821170591114887,121.68988222212916,Chip_4,4,194.70381155540667
7,7,80933.0,0.906225707009334,565.7055882251856,Chip_4,4,905.128941160297
8,8,40856.0,0.6109663232068447,261.4326965205294,Chip_4,4,418.2923144328471
9,9,7833.0,0.5975805379898705,112.21990943985264,Chip_4,4,179.55185510376424
10,10,10699.0,0.5868221147150191,130.2111596569049,Chip_4,4,208.33785545104786
11,11,7075.0,0.4145585888228113,100.42771056288395,Chip_4,4,160.6843369006143
12,12,9982.0,0.35614953357156337,116.7735942149275,Chip_4,4,186.83775074388402
13,13,1016.0,0.8909271479567871,61.47192933183735,Chip_4,4,98.35508693093976
14,14,,,,Chip_4,4,
15,15,5355.0,0.6263477903622902,95.96386610364873,Chip_4,4,153.54218576583796
16,16,13356.0,0.9124245320048364,219.43092901633545,Chip_4,4,351.0894864261368
17,17,12189.0,0.67326064035814,145.33099524822114,Chip_4,4,232.52959239715383
18,18,12059.0,0.6832898110962076,147.1914098309414,Chip_4,4,235.50625572950628
19,19,15092.0,0.868002448144431,203.85356548258227,Chip_4,4,326.1657047721317
20,20,11827.0,0.7051352031719607,148.04830809667266,Chip_4,4,236.87729295467625
21,21,10185.0,0.8883318208723182,178.8253265621479,Chip_4,4,286.1205224994366
22,22,16983.0,0.7729629276569495,190.26955417802918,Chip_4,4,304.4312866848467
23,23,8409.0,0.4541922598115473,110.16059772007858,Chip_4,4,176.25695635212574
24,24,7085.0,0.7289835758894866,115.62989748609093,Chip_4,4,185.0078359777455
25,25,4417.0,0.3595844635936276,77.70381433415335,Chip_4,4,124.32610293464536
26,26,10862.0,0.6377513514342888,134.62081997136994,Chip_4,4,215.39331195419192
27,27,10878.0,0.7221819643545468,142.61440076410895,Chip_4,4,228.18304122257433
28,28,47464.0,0.6165799908798889,306.5700388437903,Chip_4,4,490.51206215006454
29,29,,,,Chip_4,4,
30,30,3856.0,0.9055499230560404,151.8769923977841,Chip_4,4,243.00318783645457
31,31,36597.0,0.7786945560909191,338.91389200737024,Chip_4,4,542.2622272117924
32,32,10600.0,0.4106655481712959,121.86050461156206,Chip_4,4,194.9768073784993
33,33,10078.0,0.7054236657999297,135.76011704282806,Chip_4,4,217.2161872685249
34,34,2669.0,0.603980400808443,65.40812959194253,Chip_4,4,104.65300734710804
35,35,13870.0,0.7765060639280992,169.30646102364344,Chip_4,4,270.89033763782953
36,36,76929.0,0.9299052504594204,547.8513151724013,Chip_4,4,876.5621042758421
37,37,1141.0,0.9422044098579008,88.26937358740774,Chip_4,4,141.2309977398524
38,38,8849.0,0.7661875706025028,136.8677438289798,Chip_4,4,218.98839012636768
39,39,1021.0,0.9247798293018284,65.19680184246286,Chip_4,4,104.31488294794059
40,40,2484.0,0.9307143319134868,95.477505460148,Chip_4,4,152.7640087362368
41,41,2846.0,0.9153017296262784,109.68562298639294,Chip_4,4,175.49699677822872
42,42,7775.0,0.5964185557355827,126.51219547406993,Chip_4,4,202.4195127585119
43,43,9934.0,0.6786057551983029,134.88167471555042,Chip_4,4,215.81067954488068
44,44,928.0,0.9059147557319568,62.496495535256464,Chip_4,4,99.99439285641034
45,45,4820.0,0.8070830687760672,102.73195200757469,Chip_4,4,164.37112321211953
46,46,8996.0,0.7113713278900072,130.1608965913402,Chip_4,4,208.2574345461443
47,47,,,,Chip_4,4,
48,48,40399.0,0.8267282569918801,332.51120328320684,Chip_4,4,532.017925253131
49,49,8948.0,0.3082702776631853,109.5911540670102,Chip_4,4,175.34584650721632
50,50,53970.0,0.6065529552563105,296.45207360194684,Chip_4,4,474.32331776311497
51,51,3254.0,0.7269230450722345,78.1148425609927,Chip_4,4,124.98374809758832
52,52,1249.0,0.8765098592083876,63.2385043359171,Chip_4,4,101.18160693746736
0,0,,,,Chip_1,5,
1,1,18871.0,0.7853517053595177,198.30635819509556,Chip_1,5,317.2901731121529
2,2,5109.0,0.3633380374405797,83.89960656850981,Chip_1,5,134.2393705096157
3,3,19708.0,0.6587976085216845,183.646861969292,Chip_1,5,293.8349791508672
4,4,15322.0,0.1491681923880268,140.52906175026664,Chip_1,5,224.84649880042662
5,5,15081.0,0.5647672579890133,152.76532790320528,Chip_1,5,244.42452464512846
6,6,14888.0,0.7434537568562135,168.74596655084022,Chip_1,5,269.99354648134437
7,7,25720.0,0.4344056321723525,191.22424649344168,Chip_1,5,305.9587943895067
8,8,20245.0,0.8723916023590833,233.79206641099412,Chip_1,5,374.06730625759064
9,9,,,,Chip_1,5,
10,10,,,,Chip_1,5,
11,11,20655.0,0.7823857770588581,207.9756676664757,Chip_1,5,332.7610682663611
12,12,12505.0,0.42616699168803535,135.3309044368964,Chip_1,5,216.52944709903423
13,13,15228.0,0.8823111566965673,207.63016009318736,Chip_1,5,332.2082561490998
14,14,2950.0,0.38097108442288813,64.86017173718723,Chip_1,5,103.77627477949957
15,15,14374.0,0.2946063641124788,138.5065333400555,Chip_1,5,221.61045334408882
16,16,16329.0,0.15394470850016462,145.24708473997597,Chip_1,5,232.39533558396158
17,17,20064.0,0.3578924264626934,165.87884876098002,Chip_1,5,265.40615801756803
18,18,27942.0,0.7469740471968497,236.1412820028183,Chip_1,5,377.82605120450927
19,19,24271.0,0.7278685237855269,213.44006970081597,Chip_1,5,341.50411152130556
20,20,12006.0,0.3615410199390431,128.52403754514518,Chip_1,5,205.6384600722323
21,21,17779.0,0.35957653580699844,155.99423299115983,Chip_1,5,249.59077278585573
22,22,23836.0,0.7938274033598681,224.7647790506535,Chip_1,5,359.6236464810456
23,23,21711.0,0.7572272216446772,206.78328481513097,Chip_1,5,330.8532557042096
24,24,12066.0,0.7381923688848789,152.45614435053957,Chip_1,5,243.92983096086334
25,25,21715.0,0.6499943552451334,191.43947575036012,Chip_1,5,306.3031612005762
26,26,14826.0,0.6896809436543343,161.74510148486812,Chip_1,5,258.792162375789
27,27,1147.0,0.94820435081334,76.68289010672684,Chip_1,5,122.69262417076295
28,28,,,,Chip_1,5,
29,29,4799.0,0.5741349581089493,86.70408712168268,Chip_1,5,138.72653939469228
30,30,18461.0,0.3732944046947543,159.57838234636327,Chip_1,5,255.32541175418123
31,31,9215.0,0.2663820928390283,110.75554524263252,Chip_1,5,177.20887238821206
32,32,16881.0,0.6002419859289218,164.09654618903568,Chip_1,5,262.5544739024571
33,33,16769.0,0.580541951020161,162.3538930939534,Chip_1,5,259.76622895032546
34,34,12000.0,0.7247488711559908,149.55211459829675,Chip_1,5,239.28338335727483
35,35,116252.0,0.4690491208070196,413.65020635327403,Chip_1,5,661.8403301652385
36,36,17069.0,0.6498907022518284,169.5086149807606,Chip_1,5,271.213783969217
37,37,2367.0,0.5169874766225309,61.802673815138654,Chip_1,5,98.88427810422185
38,38,15380.0,0.5606111114941289,154.3170992885906,Chip_1,5,246.907358861745
39,39,10058.0,0.3734931712455077,117.71209953169758,Chip_1,5,188.33935925071614
40,40,6676.0,0.7039629540815066,114.51202737011737,Chip_1,5,183.2192437921878
41,41,8044.0,0.7913908426864801,132.7894418305915,Chip_1,5,212.46310692894642
42,42,45285.0,0.6720956001117193,280.02312281949804,Chip_1,5,448.0369965111969
43,43,10340.0,0.6453779547459185,136.68658282381807,Chip_1,5,218.69853251810892
44,44,11967.0,0.4363478396065612,131.01401388569008,Chip_1,5,209.62242221710414
45,45,73745.0,0.3738424120713075,320.3479004748928,Chip_1,5,512.5566407598285
46,46,9357.0,0.726876585554603,132.50192760048077,Chip_1,5,212.00308416076925
0,0,34844.0,0.8878123065469765,336.01588828445045,Chip_4,5,537.6254212551207
1,1,28854.0,0.9483016257435384,537.2648151947001,Chip_4,5,859.6237043115202
2,2,102241.0,0.8552533156627825,536.9775476055989,Chip_4,5,859.1640761689583
3,3,23292.0,0.8765246971468482,293.82135986128134,Chip_4,5,470.11417577805014
4,4,14842.0,0.8158071477217231,182.38953705549477,Chip_4,5,291.82325928879163
5,5,13458.0,0.4121795881819186,137.2263896185118,Chip_4,5,219.5622233896189
6,6,21957.0,0.6672735353349275,194.80859166347375,Chip_4,5,311.693746661558
7,7,,,,Chip_4,5,
8,8,15302.0,0.3982921433646323,145.96580893268612,Chip_4,5,233.5452942922978
9,9,16609.0,0.5319428472392461,159.2162648172569,Chip_4,5,254.74602370761104
10,10,22465.0,0.5331308219300971,184.3529663177531,Chip_4,5,294.964746108405
11,11,13222.0,0.5367629496662404,144.37073284056262,Chip_4,5,230.9931725449002
12,12,27727.0,0.717380117549625,225.4547525304647,Chip_4,5,360.72760404874356
13,13,4890.0,0.8346459189803299,107.98525605846922,Chip_4,5,172.77640969355076
14,14,14925.0,0.7325386114227566,168.89037548323523,Chip_4,5,270.2246007731764
15,15,124913.0,0.22514579514578048,407.1754433814418,Chip_4,5,651.480709410307
16,16,30546.0,0.8073253782637245,258.5204561178729,Chip_4,5,413.6327297885967
17,17,29571.0,0.7817357360946173,246.6186361676532,Chip_4,5,394.5898178682451
18,18,28616.0,0.5755238718149057,214.24090388909372,Chip_4,5,342.78544622255
19,19,31591.0,0.7894348513331279,257.68523257242975,Chip_4,5,412.2963721158876
20,20,21045.0,0.6738266580741009,192.81485886826482,Chip_4,5,308.50377418922375
21,21,20157.0,0.7090705596185792,192.3896814842461,Chip_4,5,307.8234903747938
22,22,30423.0,0.4822782974744613,210.90559991825882,Chip_4,5,337.44895986921415
23,23,17764.0,0.4104216004193776,158.01154029725063,Chip_4,5,252.81846447560102
24,24,15194.0,0.6847946918300285,163.58596146631106,Chip_4,5,261.7375383460977
25,25,174147.0,0.17109474578701622,475.1966513180209,Chip_4,5,760.3146421088335
26,26,26812.0,0.7520790406889001,229.87364931300138,Chip_4,5,367.7978389008022
27,27,27929.0,0.7799022870383501,239.35863017385722,Chip_4,5,382.9738082781716
28,28,141810.0,0.7921059490923342,569.522167719549,Chip_4,5,911.2354683512784
29,29,18597.0,0.7949873599741776,202.00599127831515,Chip_4,5,323.20958604530426
30,30,,,,Chip_4,5,
31,31,14088.0,0.4022068217591765,140.14722110644337,Chip_4,5,224.2355537703094
32,32,20105.0,0.3116494563232505,164.2497635295384,Chip_4,5,262.79962164726146
33,33,25840.0,0.686036116238088,215.19170558641514,Chip_4,5,344.30672893826426
34,34,97898.0,0.5725105421062624,394.05349975002645,Chip_4,5,630.4855996000424
35,35,26787.0,0.6921939453813797,218.69254373510472,Chip_4,5,349.90806997616755
36,36,23222.0,0.8229221903202552,229.91031913738001,Chip_4,5,367.85651061980803
37,37,2076.0,0.3049630585886021,52.8977016479204,Chip_4,5,84.63632263667265
38,38,100900.0,0.4618760323754934,387.8752640124917,Chip_4,5,620.6004224199868
39,39,22852.0,0.8511953232129267,281.0110444224344,Chip_4,5,449.61767107589503
40,40,14046.0,0.2313589161790299,135.7481355865751,Chip_4,5,217.19701693852016
41,41,15216.0,0.6635829776385975,161.64507655797146,Chip_4,5,258.6321224927544
42,42,20502.0,0.5426316544063263,202.03308200655727,Chip_4,5,323.2529312104916
43,43,21453.0,0.6047639637020392,185.80674479673704,Chip_4,5,297.29079167477926
44,44,97271.0,0.15039030832417213,357.1883589547224,Chip_4,5,571.5013743275558
45,45,205788.0,0.496245733696455,566.4746058230695,Chip_4,5,906.3593693169113
46,46,18074.0,0.4589562971944882,166.10306202908856,Chip_4,5,265.7648992465417
47,47,,,,Chip_4,5,
48,48,8914.0,0.8117652875725682,160.16921322237073,Chip_4,5,256.2707411557932
49,49,18113.0,0.2606151580734074,154.74951705241557,Chip_4,5,247.59922728386493
50,50,77437.0,0.4589522190731914,334.3562620215334,Chip_4,5,534.9700192344534
51,51,,,,Chip_4,5,
52,52,25996.0,0.7979189635597921,299.8711708181714,Chip_4,5,479.79387330907423
0,0,1347.0,0.8585779052482809,69.90824171941003,Chip_1,6,111.85318675105606
1,1,36061.0,0.8286814096660018,289.3116545483192,Chip_1,6,462.8986472773108
2,2,10580.0,0.2937048326510701,119.74548375929552,Chip_1,6,191.59277401487284
3,3,36793.0,0.6861146282975416,254.53391720245583,Chip_1,6,407.25426752392934
4,4,26008.0,0.3304851693357647,187.41638375516186,Chip_1,6,299.86621400825896
5,5,52583.0,0.284789448070563,265.092237408568,Chip_1,6,424.1475798537088
6,6,25196.0,0.2554219115260559,182.55476569955928,Chip_1,6,292.08762511929484
7,7,41487.0,0.5555276734385473,252.3505303235605,Chip_1,6,403.7608485176968
8,8,32127.0,0.8058776039196379,264.86374389442415,Chip_1,6,423.7819902310787
9,9,,,,Chip_1,6,
10,10,63523.0,0.7093597524372611,340.56734807533434,Chip_1,6,544.907756920535
11,11,40629.0,0.7836734135581929,293.45870333686406,Chip_1,6,469.5339253389825
12,12,26870.0,0.4513128969278504,198.13798909640582,Chip_1,6,317.0207825542493
13,13,1593.0,0.9060379913041892,79.88903668113052,Chip_1,6,127.82245868980884
14,14,4666.0,0.6164717541504795,87.236587667676,Chip_1,6,139.5785402682816
15,15,34638.0,0.7903323286445868,290.6518128499821,Chip_1,6,465.0429005599714
16,16,30420.0,0.2842817075474132,201.3805534073554,Chip_1,6,322.20888545176865
17,17,42522.0,0.6213296408654806,263.734140566432,Chip_1,6,421.97462490629124
18,18,45222.0,0.6548810957056541,277.754461182113,Chip_1,6,444.40713789138084
19,19,37355.0,0.6211866422350435,246.8936580948016,Chip_1,6,395.0298529516826
20,20,28197.0,0.6137659900457113,213.65648773793168,Chip_1,6,341.8503803806907
21,21,29535.0,0.5698527091506366,214.9722770418544,Chip_1,6,343.95564326696706
22,22,39644.0,0.5855159913810559,250.26059356989532,Chip_1,6,400.41694971183256
23,23,35415.0,0.7079024425669891,254.346143100135,Chip_1,6,406.953828960216
24,24,24399.0,0.7355816064131869,215.07893839167485,Chip_1,6,344.1263014266798
25,25,35972.0,0.4810165944713623,229.206883544944,Chip_1,6,366.73101367191043
26,26,25814.0,0.6420779305231539,207.7750633461212,Chip_1,6,332.4401013537939
27,27,490.0,0.9396153077948628,64.97499823673765,Chip_1,6,103.95999717878024
28,28,,,,Chip_1,6,
29,29,5718.0,0.5323546604576948,93.12313341424435,Chip_1,6,148.99701346279096
30,30,28112.0,0.2939586706867368,195.08114690101974,Chip_1,6,312.1298350416316
31,31,18343.0,0.3519180452490404,158.12696253192405,Chip_1,6,253.0031400510785
32,32,33373.0,0.5949282914010479,230.1158157705868,Chip_1,6,368.1853052329389
33,33,32631.0,0.6765947439522931,240.26002042796975,Chip_1,6,384.4160326847516
34,34,,,,Chip_1,6,
35,35,128889.0,0.4827213730732243,433.47091005562834,Chip_1,6,693.5534560890054
36,36,38080.0,0.6530399983920004,253.4311227661513,Chip_1,6,405.4897964258421
37,37,,,,Chip_1,6,
38,38,,,,Chip_1,6,
39,39,19618.0,0.43219284714147854,166.76870034599656,Chip_1,6,266.8299205535945
40,40,,,,Chip_1,6,
41,41,14938.0,0.6402075286352908,159.0229303546823,Chip_1,6,254.4366885674917
42,42,30279.0,0.6701814825872289,228.56958274561413,Chip_1,6,365.7113323929826
43,43,25818.0,0.8282168312784796,247.42255496226684,Chip_1,6,395.876087939627
44,44,28677.0,0.5873141428151547,213.22025535377608,Chip_1,6,341.15240856604174
45,45,60562.0,0.5725978017641802,307.1278344158141,Chip_1,6,491.4045350653026
46,46,21961.0,0.7630346972529535,209.2986072338453,Chip_1,6,334.8777715741525
0,0,1381.0,0.8596674621496607,81.64352033314499,Chip_4,6,130.62963253303198
1,1,73304.0,0.9469853997056541,691.2622961435211,Chip_4,6,1106.0196738296338
2,2,146847.0,0.6668846408817479,536.5453087915937,Chip_4,6,858.47249406655
3,3,138647.0,0.7664099658093406,573.2279406719574,Chip_4,6,917.1647050751319
4,4,2165.0,0.6665090680313118,97.4410873413488,Chip_4,6,155.9057397461581
5,5,24637.0,0.4859509986261018,190.2737292302394,Chip_4,6,304.4379667683831
6,6,17315.0,0.5398977347441508,240.88198778227925,Chip_4,6,385.4111804516468
7,7,6640.0,0.9387109371525416,179.39983794660685,Chip_4,6,287.039740714571
8,8,29585.0,0.43054926215554457,205.3028431964957,Chip_4,6,328.48454911439313
9,9,27939.0,0.3800241848476097,196.94289030587143,Chip_4,6,315.1086244893943
10,10,39177.0,0.5959630303587476,249.62482416795615,Chip_4,6,399.39971866872986
11,11,27179.0,0.6154804080174128,211.39778696676862,Chip_4,6,338.2364591468298
12,12,46339.0,0.6785592711369978,283.69295994529114,Chip_4,6,453.90873591246583
13,13,5874.0,0.7879170259175542,113.67277946834213,Chip_4,6,181.87644714934743
14,14,42190.0,0.8026166514026775,311.1285949332223,Chip_4,6,497.80575189315573
15,15,53474.0,0.7521603698212632,331.62995847101814,Chip_4,6,530.6079335536291
16,16,58141.0,0.7250765585621137,336.09585763873747,Chip_4,6,537.7533722219799
17,17,55647.0,0.8314432638967814,359.30477828468764,Chip_4,6,574.8876452555003
18,18,49984.0,0.6549455604535145,291.63514919149634,Chip_4,6,466.61623870639414
19,19,71777.0,0.6575020495963071,354.28606309170266,Chip_4,6,566.8577009467243
20,20,41298.0,0.6023085635835055,261.0900359242807,Chip_4,6,417.74405747884913
21,21,42623.0,0.7658463566126259,293.57221286890444,Chip_4,6,469.71554059024714
22,22,50325.0,0.3647345109706856,262.76339718020387,Chip_4,6,420.4214354883262
23,23,35563.0,0.5604313403324158,234.63643551960925,Chip_4,6,375.41829683137485
24,24,28468.0,0.7316296130588337,232.96088942392623,Chip_4,6,372.737423078282
25,25,113183.0,0.8897166089025287,581.2796351062137,Chip_4,6,930.047416169942
26,26,51576.0,0.6573202837016425,301.563802744303,Chip_4,6,482.5020843908849
27,27,49362.0,0.6883655872580753,294.94675163387365,Chip_4,6,471.91480261419787
28,28,97968.0,0.7506818140338163,454.91054073397004,Chip_4,6,727.8568651743522
29,29,41438.0,0.7273964527145866,284.8298073968952,Chip_4,6,455.7276918350324
30,30,152520.0,0.795956183588749,583.2652301678628,Chip_4,6,933.2243682685805
31,31,33814.0,0.5433062992517641,234.78802029523,Chip_4,6,375.66083247236804
32,32,33898.0,0.16230446482936672,209.29799825292832,Chip_4,6,334.8767972046853
33,33,43620.0,0.5925419212434271,263.802507481921,Chip_4,6,422.0840119710736
34,34,117726.0,0.7569495799164118,525.3796583859956,Chip_4,6,840.6074534175931
35,35,49225.0,0.6591443712318777,290.0714467191902,Chip_4,6,464.11431475070435
36,36,42947.0,0.7310816706141448,294.87060613295245,Chip_4,6,471.7929698127239
37,37,5013.0,0.938431311836317,165.0020105452332,Chip_4,6,264.0032168723731
38,38,80286.0,0.4982394037420354,364.2749292887764,Chip_4,6,582.8398868620422
39,39,27678.0,0.7045603891361623,225.5400899929206,Chip_4,6,360.864143988673
40,40,24927.0,0.7590850561967204,241.53651264181858,Chip_4,6,386.45842022690977
41,41,13858.0,0.81736917265011,209.5262544717556,Chip_4,6,335.242007154809
42,42,42965.0,0.5694085535462998,258.5956637758971,Chip_4,6,413.7530620414354
43,43,47076.0,0.7952040889920715,321.26771463015615,Chip_4,6,514.0283434082498
44,44,,,,Chip_4,6,
45,45,101457.0,0.6460752004640966,439.80857549458227,Chip_4,6,703.6937207913317
46,46,34890.0,0.7468193328492789,265.7214506557018,Chip_4,6,425.1543210491229
47,47,23873.0,0.3740931996310371,182.0741518963667,Chip_4,6,291.3186430341867
48,48,3554.0,0.9363102691113406,128.4769206898138,Chip_4,6,205.5630731037021
49,49,31839.0,0.3989537078443558,211.43700542538272,Chip_4,6,338.29920868061237
50,50,68068.0,0.6021968951295623,336.92881548473963,Chip_4,6,539.0861047755834
51,51,14793.0,0.8820045336902774,313.13231750532344,Chip_4,6,501.01170800851753
52,52,45529.0,0.5851304779655635,270.6014483467862,Chip_4,6,432.96231735485793
0,0,,,,Chip_1,7,
1,1,52686.0,0.8490241899541441,359.2911724120668,Chip_1,7,574.8658758593069
2,2,18040.0,0.19865049929717915,154.34438975503397,Chip_1,7,246.95102360805436
3,3,47453.0,0.6126105853279175,276.7863470093876,Chip_1,7,442.8581552150202
4,4,33620.0,0.2573132761323203,210.56813413753133,Chip_1,7,336.90901462005013
5,5,,,,Chip_1,7,
6,6,38687.0,0.33275068848960937,228.83826510553584,Chip_1,7,366.1412241688574
7,7,55413.0,0.4236931835439752,279.1383036038458,Chip_1,7,446.62128576615333
8,8,1705.0,0.9356137778170954,83.0188418599028,Chip_1,7,132.83014697584449
9,9,102745.0,0.6916552326372141,506.7618631492411,Chip_1,7,810.8189810387858
10,10,81365.0,0.6368666691693471,366.9138796488143,Chip_1,7,587.062207438103
11,11,53247.0,0.8089991470643736,345.90007096977286,Chip_1,7,553.4401135516366
12,12,32178.0,0.31343104965352336,208.0237965395893,Chip_1,7,332.83807446334293
13,13,1009.0,0.9179031279945664,66.80338118669489,Chip_1,7,106.88540989871183
14,14,7141.0,0.4436624025015166,101.29795693730541,Chip_1,7,162.0767310996887
15,15,2852.0,0.6952793395484055,86.12506875787031,Chip_1,7,137.8001100125925
16,16,39152.0,0.2825403673927616,228.288987904506,Chip_1,7,365.2623806472096
17,17,52763.0,0.6833853519482427,303.99395086566926,Chip_1,7,486.3903213850708
18,18,57609.0,0.6526174456689805,312.67499639003114,Chip_1,7,500.27999422404986
19,19,61660.0,0.3696423786439441,335.827971601744,Chip_1,7,537.3247545627904
20,20,42977.0,0.5153979113033543,252.92969276988583,Chip_1,7,404.6875084318174
21,21,46666.0,0.475076073832774,261.0084865123561,Chip_1,7,417.6135784197698
22,22,49730.0,0.4871539072369978,269.8223065534048,Chip_1,7,431.71569048544774
23,23,47168.0,0.6164829714564569,277.0112064218021,Chip_1,7,443.21793027488343
24,24,5109.0,0.7553929408881915,133.37500914210406,Chip_1,7,213.40001462736652
25,25,3028.0,0.9387176749088828,118.67425919816948,Chip_1,7,189.87881471707118
26,26,36966.0,0.30061663855106435,222.281792269013,Chip_1,7,355.65086763042086
27,27,,,,Chip_1,7,
28,28,19511.0,0.7908297815096716,247.00747357429347,Chip_1,7,395.2119577188696
29,29,9882.0,0.9178291142952548,344.1758870167242,Chip_1,7,550.6814192267587
30,30,28633.0,0.4663373620490363,203.41370002353324,Chip_1,7,325.4619200376532
31,31,28243.0,0.3038667011900679,194.48222029986613,Chip_1,7,311.1715524797858
32,32,40692.0,0.4415797377504953,240.37295186386658,Chip_1,7,384.5967229821865
33,33,47590.0,0.6610579491503836,288.07888925237654,Chip_1,7,460.9262228038025
34,34,26456.0,0.2170907992661224,185.82978967078202,Chip_1,7,297.3276634732512
35,35,7642.0,0.8308572244008917,149.58010720369302,Chip_1,7,239.32817152590883
36,36,53063.0,0.5977006970431575,290.68059726216745,Chip_1,7,465.0889556194679
37,37,4665.0,0.8979533914620748,163.7818938817677,Chip_1,7,262.05103021082834
38,38,218457.0,0.4266610995306901,556.0877850516549,Chip_1,7,889.7404560826479
39,39,29520.0,0.3253234342417319,199.509987509976,Chip_1,7,319.21598001596163
40,40,29512.0,0.19145790180574104,197.84164282251118,Chip_1,7,316.5466285160179
41,41,20109.0,0.3218195047817739,165.36579274567742,Chip_1,7,264.5852683930839
42,42,,,,Chip_1,7,
43,43,33508.0,0.7953601164134895,267.99172786106305,Chip_1,7,428.7867645777009
44,44,38720.0,0.5146869803752459,241.87385673500685,Chip_1,7,386.99817077601097
45,45,173309.0,0.25173381508887444,481.11330438735337,Chip_1,7,769.7812870197654
46,46,40208.0,0.38392374384801703,252.45643075110038,Chip_1,7,403.9302892017606
0,0,588.0,0.8759947294503833,51.12590329328575,Chip_4,7,81.80144526925721
1,1,104898.0,0.8340248914493278,520.0804603623931,Chip_4,7,832.1287365798289
2,2,119831.0,0.8448377054724138,574.6402950552156,Chip_4,7,919.4244720883449
3,3,134557.0,0.5918246553613219,519.1955088812132,Chip_4,7,830.7128142099411
4,4,262343.0,0.19874638524019836,638.3958082344496,Chip_4,7,1021.4332931751195
5,5,28805.0,0.5811330143476412,214.11959420666875,Chip_4,7,342.59135073067
6,6,13481.0,0.864345304680545,199.96864456088582,Chip_4,7,319.94983129741735
7,7,4602.0,0.910539257594012,193.21919154159912,Chip_4,7,309.15070646655863
8,8,38477.0,0.5050756468503858,238.66248001987938,Chip_4,7,381.85996803180706
9,9,20326.0,0.7904133329468136,293.99294868733824,Chip_4,7,470.3887178997412
10,10,54390.0,0.4232311461097583,276.9354814873854,Chip_4,7,443.0967703798167
11,11,47702.0,0.5524565540171154,279.09972612455573,Chip_4,7,446.5595617992892
12,12,62027.0,0.5941344135198174,313.53421227100495,Chip_4,7,501.65473963360796
13,13,8876.0,0.8456835597531156,148.40073706689697,Chip_4,7,237.44117930703516
14,14,73304.0,0.3402322334776247,317.6073242229368,Chip_4,7,508.17171875669897
15,15,75161.0,0.4593704513107114,332.3279939281778,Chip_4,7,531.7247902850845
16,16,77865.0,0.7065405496759767,386.2874158803624,Chip_4,7,618.0598654085799
17,17,70621.0,0.6703890827404388,349.0904552058351,Chip_4,7,558.5447283293362
18,18,62455.0,0.5831066520884053,313.8287959902196,Chip_4,7,502.1260735843514
19,19,14822.0,0.5560957829029619,472.1216771449064,Chip_4,7,755.3946834318504
20,20,61504.0,0.4772667521735462,299.89162875347284,Chip_4,7,479.8266060055566
21,21,72164.0,0.5953110871246721,347.1517171508622,Chip_4,7,555.4427474413795
22,22,69469.0,0.3194056347497768,305.800170201108,Chip_4,7,489.2802723217728
23,23,52471.0,0.6626812220399207,300.05780596395726,Chip_4,7,480.09248954233163
24,24,38254.0,0.7593141136182644,275.19899046914946,Chip_4,7,440.31838475063915
25,25,84980.0,0.5820894188082366,366.47338801053775,Chip_4,7,586.3574208168604
26,26,59380.0,0.7423427031554725,338.6992174583056,Chip_4,7,541.918747933289
27,27,65222.0,0.6036828557860564,323.23590183426904,Chip_4,7,517.1774429348305
28,28,79922.0,0.8781967706208571,588.9653741771532,Chip_4,7,942.3445986834452
29,29,46620.0,0.6268177077636781,278.3687728603805,Chip_4,7,445.3900365766088
30,30,117913.0,0.7747328988605754,498.9760993525778,Chip_4,7,798.3617589641245
31,31,44197.0,0.5393821668905887,312.72433826028197,Chip_4,7,500.35894121645117
32,32,43999.0,0.13289313319101298,237.88956849524345,Chip_4,7,380.62330959238955
33,33,55071.0,0.5484212556715653,289.9973643811382,Chip_4,7,463.99578300982114
34,34,52980.0,0.8971748724928977,491.0550434367847,Chip_4,7,785.6880694988555
35,35,64769.0,0.5319429708531125,312.5819992282658,Chip_4,7,500.13119876522524
36,36,3666.0,0.9034676754370063,115.04777922995487,Chip_4,7,184.0764467679278
37,37,4679.0,0.09658203858588817,78.19981957462397,Chip_4,7,125.11971131939836
38,38,4176.0,0.8356306522718739,114.16204864781996,Chip_4,7,182.65927783651193
39,39,13028.0,0.574008201107022,298.6595184183875,Chip_4,7,477.85522946942
40,40,6764.0,0.9410474740806672,200.4640887651433,Chip_4,7,320.7425420242293
41,41,8157.0,0.8516876508641883,200.54537427693188,Chip_4,7,320.87259884309105
42,42,,,,Chip_4,7,
43,43,15214.0,0.5304346914723088,373.24431588533605,Chip_4,7,597.1909054165377
44,44,43250.0,0.8816086710335217,623.1704647519699,Chip_4,7,997.0727436031519
45,45,99298.0,0.5951473650492586,449.28079783524925,Chip_4,7,718.8492765363989
46,46,51473.0,0.7740666671084924,340.2995597483979,Chip_4,7,544.4792955974366
47,47,34044.0,0.3308547374479747,214.37975611511013,Chip_4,7,343.0076097841762
48,48,,,,Chip_4,7,
49,49,42630.0,0.4266531899555172,247.56802229523345,Chip_4,7,396.1088356723735
50,50,18208.0,0.8231229420394076,216.28362945372558,Chip_4,7,346.05380712596093
51,51,77891.0,0.8104635590763285,446.5531116630674,Chip_4,7,714.4849786609079
52,52,55138.0,0.33024417062874034,274.0803804076566,Chip_4,7,438.52860865225057
53,53,25621.0,0.776818038225098,460.7133344831554,Chip_4,7,737.1413351730487
